{
    "closestBoundary": -0.012076265046690488, 
    "riskyFoodCount": 5.0, 
    "score": -10.95257191487153, 
    "riskScore": 5.0, 
    "pacCount": -97.29290982642962
}